world,strategy,n,survival_rate,true_ruin_rate,passive_ruin_rate,mean_lifespan,median_lifespan,mean_final_R,mean_final_E,mean_final_G,mean_final_O,mean_final_K,mean_final_X,mean_peak_X,mean_cum_prod,mean_prod,mean_switches,score
FastExpansionRace,Adaptive_NRMOvNext_OmegaFull,20.0,0.35,0.65,0.0,113.85,115.0,78.034062382697,17.27325657155392,95.87635515019255,108.05856958208389,92.17428807848471,61.90291676451405,77.52434337163184,73.05732720180917,0.5785406881030364,4.55,0.026224860483213652
FastExpansionRace,Adaptive_NRMOvNext_SE,20.0,0.1,0.9,0.05,106.55,90.0,81.71644010126711,9.69165937586988,102.35432857141184,117.96158679842054,101.45373101845935,61.50659077891314,81.32095866258695,58.9513941639065,0.5339465004791419,5.8,-0.4104007765973269
FastExpansionRace,AlphaSearch,20.0,0.0,1.0,0.0,67.2,69.5,108.4428138058166,5.423643794541179,89.49028698561514,117.64222315594039,72.43412961970235,72.3958702434385,78.37179332097386,52.02166768521992,0.7542548943199777,0.0,-0.5719912318203318
FastExpansionRace,ExpectedValueMax,20.0,0.0,1.0,0.0,63.2,58.5,112.617260007412,4.09868204249302,90.39389467974728,112.9561862335431,74.87369802040651,76.04505370767563,79.44951152943096,52.30202744852344,0.7988609582900306,0.0,-0.5811745109338968
FastExpansionRace,NRMO_Original,20.0,0.0,1.0,0.0,82.7,65.0,97.81648414052833,4.338799037209741,97.78752318321852,118.53843561591286,90.08618828511419,60.68855465849039,72.55000383976024,55.761510538687574,0.6499447017919394,0.0,-0.560248757745946
FastExpansionRace,NRMO_StrongEngine,20.0,0.05,0.95,0.0,80.05,70.5,93.1250633799574,5.420521263426462,95.33023141856796,114.60013188742141,90.04704354419253,60.944815805413114,76.15521007509987,55.59754098557306,0.6556483256343832,0.0,-0.4809645054581203
FastExpansionRace,NRMO_vNext,20.0,0.15,0.85,0.0,105.55,90.0,98.31907446672855,11.841770355545416,104.39335778615285,117.26468135106067,98.873665901986,55.29784223089585,70.3426546667073,67.36944924003063,0.6128788029563939,0.0,-0.2982225401493621
FastExpansionRace,NRMOvNext_StrongEngine,20.0,0.05,0.95,0.0,102.85,105.5,88.73305888215539,6.419116269944143,108.93438332098158,119.06448612060012,104.90019941197042,53.31782518885768,69.24814437738773,59.298901398438986,0.5434834365271735,0.0,-0.4674356318804532
FastExpansionRace,RiskAdjustedUtility,20.0,0.5,0.5,0.25,151.4,197.5,81.20939540238143,36.26770352870465,108.71580486590054,118.66330428191762,84.1674107264375,52.455671020719365,69.87486415926836,75.2747425555388,0.471866953751899,0.0,0.2040624175504712
FastExpansionRace,UltraConservative,20.0,0.05,0.95,0.15,85.25,84.5,4.504617649447317,116.47356063808977,118.79787142054286,118.64644835649601,62.42544695407328,20.403811113208484,28.798040423239048,5.760943758623219,0.0684043765805988,0.0,-0.5241111640900241
LateStagnation,Adaptive_NRMOvNext_OmegaFull,20.0,1.0,0.0,0.0,200.0,200.0,129.72429730000763,112.84715883146714,129.7244322610601,130.0,129.76515696345018,5.952524277474861,26.017093380319416,129.19232659716582,0.6459616329858292,0.0,1.2270980658100394
LateStagnation,Adaptive_NRMOvNext_SE,20.0,1.0,0.0,0.0,200.0,200.0,129.26289077719963,123.94083072941028,129.28313344089136,130.0,129.84503891270458,2.6898941245598165,20.593047827293727,122.22906137536772,0.6111453068768385,0.0,1.2268224752235626
LateStagnation,AlphaSearch,20.0,0.65,0.35,0.0,184.75,200.0,128.09888898812343,16.65309794741233,128.77454891953812,129.28188346256326,123.9320050752389,41.83632667685276,49.728431467103924,192.62745232797607,1.0353687393669817,0.0,0.6288748759740836
LateStagnation,ExpectedValueMax,20.0,0.25,0.75,0.0,148.95,151.0,128.19638215757524,10.124815223683697,124.19662981121485,128.6692749306123,109.41091349473955,48.74842205575387,55.47704911995337,152.8485434885213,1.0069621945450653,0.0,-0.07320191120509276
LateStagnation,NRMO_Original,20.0,0.9,0.1,0.0,190.45,200.0,128.22447724406777,23.488594392653585,128.85352721732707,129.48993774279592,126.82984174014871,30.418067271954015,53.4595210535883,184.71276292502318,0.9687661116302131,0.0,1.0597803518354545
LateStagnation,NRMO_StrongEngine,20.0,0.9,0.1,0.0,194.85,200.0,129.88178379618577,25.480971041547768,130.0,130.0,126.31611485640511,29.443962444337057,48.15959231644291,192.2946595910493,0.9830401944259058,0.0,1.0642686619561603
LateStagnation,NRMO_vNext,20.0,1.0,0.0,0.0,200.0,200.0,129.93491245912315,117.27534580299596,129.42920631959237,130.0,129.67177704822578,3.969458450784841,23.77554220829716,128.0848398028185,0.6404241990140924,0.0,1.2281805063436004
LateStagnation,NRMOvNext_StrongEngine,20.0,1.0,0.0,0.0,200.0,200.0,130.0,124.0999476570752,129.8682811524611,130.0,129.0517614288667,2.5701837182277,20.47979899981222,122.17010727107042,0.610850536355352,0.0,1.2268909785097915
LateStagnation,RiskAdjustedUtility,20.0,1.0,0.0,0.0,200.0,200.0,128.57750286947777,109.87427171883579,128.92722225804243,130.0,126.63383351426842,10.734143823258249,23.2519504752368,151.77199621398225,0.7588599810699113,0.0,1.2324517647753943
LateStagnation,UltraConservative,20.0,0.95,0.05,0.0,198.0,200.0,51.404284790716794,129.45647807932312,129.64288718540783,129.76964782183103,105.88674932489941,0.8771408729411017,15.800905743368196,18.89350848428825,0.09533747673926746,0.0,1.1015637304755268
Normal,Adaptive_NRMOvNext_OmegaFull,20.0,1.0,0.0,0.0,200.0,200.0,128.21429001510592,91.72120078885948,129.72381906699766,129.9641381105595,127.22486248292964,13.522156382132698,37.0953830973782,140.23075533845432,0.7011537766922714,0.2,1.2256409884560542
Normal,Adaptive_NRMOvNext_SE,20.0,0.95,0.05,0.0,199.5,200.0,127.10361800734279,87.69666252622861,128.85252266406138,129.7263612114184,128.68868197855284,11.853780308760236,30.681616914322866,117.21526791640142,0.587463681127786,0.4,1.1323889301448626
Normal,AlphaSearch,20.0,0.05,0.95,0.0,135.9,125.5,125.29575463055342,4.558990161963466,124.37914204620918,128.16587435400967,103.17403592001608,50.206174479351745,59.873163865656736,128.18171936462403,0.9299081970432553,0.0,-0.42488700505579213
Normal,ExpectedValueMax,20.0,0.0,1.0,0.0,109.3,93.0,125.48976371413342,3.6664288826635705,117.93264153294565,126.25843596702293,92.5740866346558,57.66202315926,60.78187964796365,104.05828127605946,0.9348280565395,0.0,-0.5279127170423599
Normal,NRMO_Original,20.0,0.3,0.7,0.0,150.7,171.0,121.69779326980242,10.449731328162866,123.38436740568272,128.05028136891514,113.26953221124067,40.21947002516366,61.764810378231104,133.96318639257086,0.8633235086250124,0.0,0.009947610279246535
Normal,NRMO_StrongEngine,20.0,0.4,0.6,0.0,150.6,156.5,123.75372536643874,11.850111789559461,124.83354276290945,128.51900357620997,115.23115162898644,39.2883049173011,53.41672045399656,135.52164671644093,0.8852774032734549,0.0,0.18193627524032785
Normal,NRMO_vNext,20.0,0.9,0.1,0.0,196.0,200.0,128.24662650442832,63.75226119660077,128.76081205756674,129.89242929335362,128.69482853517422,16.979415968557895,37.70373508785413,133.54014062447183,0.6800642601947702,0.0,1.0502060229878492
Normal,NRMOvNext_StrongEngine,20.0,1.0,0.0,0.0,200.0,200.0,127.98793108414031,111.64944604688176,128.8832110576821,130.0,122.35569165291358,5.850840076229641,33.731839321280674,114.32473794220297,0.571623689711015,0.0,1.2212292489643968
Normal,RiskAdjustedUtility,20.0,1.0,0.0,0.05,200.0,200.0,129.0804234515906,92.60890170770337,129.65391562987787,130.0,119.31887931931199,12.520534138583155,34.37623157336152,143.3521460805641,0.7167607304028206,0.0,1.2077096783256231
Normal,UltraConservative,20.0,0.75,0.25,0.05,191.4,200.0,34.39608248749585,126.71850450796262,127.81567345311245,128.33711401167835,90.1182406290027,5.938392522842572,24.074778194248964,16.505845441744263,0.08608760451867045,0.0,0.7347318864060658
PlanetaryStress,Adaptive_NRMOvNext_OmegaFull,20.0,0.65,0.35,0.0,169.05,200.0,80.57242803236177,61.95930594967818,117.09124263398431,125.93961266088301,103.07192505864505,34.3790004025015,55.038547417673286,84.35011475795719,0.4734904274185186,1.95,0.5866725862009429
PlanetaryStress,Adaptive_NRMOvNext_SE,20.0,0.45,0.55,0.0,126.75,158.0,50.78235353818679,47.93677401788587,104.11579787863809,117.57738283529252,107.20747402694118,42.11856183571554,55.9801266828278,54.89514928554498,0.3787026182853528,2.05,0.2173586191509957
PlanetaryStress,AlphaSearch,20.0,0.0,1.0,0.05,67.45,69.0,86.76393582715352,4.263566854504051,88.21542717715613,109.62889031925052,69.01585836836608,71.25216361150034,79.2971560788575,46.22743525734503,0.6717553146800858,0.0,-0.6045245343869462
PlanetaryStress,ExpectedValueMax,20.0,0.0,1.0,0.0,65.95,62.0,98.40722860499392,6.377300033221191,87.72530940598372,108.13934874849289,70.60411062532447,68.0970059254137,73.45025359421977,51.01025371623734,0.7246989773556415,0.0,-0.5822468048043715
PlanetaryStress,NRMO_Original,20.0,0.0,1.0,0.05,89.9,90.0,76.8162591558304,4.561912105187503,93.31475405071248,107.64035232087333,80.44708647938023,66.36107597337187,77.24353626339462,55.48672687093599,0.6141124678832811,0.0,-0.5998118029407024
PlanetaryStress,NRMO_StrongEngine,20.0,0.05,0.95,0.0,80.5,77.0,82.46046130123344,8.29869687243215,96.0244243919386,117.45832856933472,79.19425436561829,56.58303076022063,68.73189102629424,51.34040598516291,0.6058468559535494,0.0,-0.4753546370947179
PlanetaryStress,NRMO_vNext,20.0,0.35,0.65,0.0,155.5,177.5,70.11218242201565,29.140239287480814,116.10852285216913,125.76140058244346,121.71205167008516,43.79334529131777,61.32126150988175,75.26139427562,0.46395472133324933,0.0,0.06554853906184835
PlanetaryStress,NRMOvNext_StrongEngine,20.0,0.45,0.55,0.0,156.15,186.5,70.09873738914484,41.72877254851842,115.43090056019551,123.33991508218836,118.84557693831762,41.47593024387158,63.24512047620213,70.45353804561826,0.42421253542207504,0.0,0.23205519745214534
PlanetaryStress,RiskAdjustedUtility,20.0,0.35,0.65,0.1,155.1,162.0,68.87744724872161,33.44672967042277,117.07734652901168,122.20951434672202,94.28671277920193,52.06826249986425,65.32438113164777,75.92575652832109,0.4763573197082949,0.0,0.014530966706894098
PlanetaryStress,UltraConservative,20.0,0.05,0.95,0.05,58.05,48.0,3.5877159959257576,105.77284508559838,106.64679347258216,101.23437743735364,56.26458533283245,19.720254205342737,26.661481958535383,3.726301721744945,0.062246897951943214,0.0,-0.5085082291713836
Vulnerable,Adaptive_NRMOvNext_OmegaFull,20.0,0.05,0.95,0.15,77.35,72.5,20.9088656204221,48.382584278158255,82.57373639025444,96.60162208659642,64.68946858938496,61.08759260359106,70.85316306132945,23.7367749749502,0.2853008469118768,3.8,-0.5787396537390332
Vulnerable,Adaptive_NRMOvNext_SE,20.0,0.05,0.95,0.0,81.55,64.0,47.83263428795415,23.74997186321668,102.26975642263208,118.23302701142957,89.36953118581694,49.43045379164207,60.711677781274446,29.71527043667508,0.31721914063328904,3.7,-0.47743004964922897
Vulnerable,AlphaSearch,20.0,0.0,1.0,0.0,56.65,54.5,82.55858021537935,8.597177623267806,73.09086237437448,98.38025478065943,60.86298879040733,75.09140136795916,79.81419440139413,40.88171274935,0.6416518715150832,0.0,-0.6051911170254693
Vulnerable,ExpectedValueMax,20.0,0.0,1.0,0.15,41.0,35.0,82.49547787536102,7.180614581740928,68.05403197516985,72.31907648377705,45.04486392847291,83.80066655981956,85.07222171113763,28.043417042683387,0.6490127800407334,0.0,-0.7131105784821736
Vulnerable,NRMO_Original,20.0,0.0,1.0,0.0,53.65,44.0,74.51263611171065,3.3374404313150388,74.01192387595006,100.40137264371182,66.4594762360224,77.38987545212267,81.06364592474203,35.014347570607335,0.6339505311541389,0.0,-0.6065076491974811
Vulnerable,NRMO_StrongEngine,20.0,0.0,1.0,0.1,69.65,68.0,83.9348874145879,3.274576551565667,92.84960655995194,109.05639668048329,73.91481665785288,53.292212378432886,71.43845945522582,38.596806822422565,0.5382051408094926,0.0,-0.6145541221583871
Vulnerable,NRMO_vNext,20.0,0.15,0.85,0.15,86.6,77.5,47.713928971378316,20.226918083074715,91.01890165435312,106.50435587894381,75.16758997064882,58.692296288296085,68.75807037021957,31.249000164930386,0.34252061376954124,0.0,-0.39018075047725637
Vulnerable,NRMOvNext_StrongEngine,20.0,0.25,0.75,0.2,97.8,68.0,43.21893610965198,35.852597825681215,97.58180497926988,117.12797161701788,71.84021636195726,52.51748075111469,59.54457153290061,33.929598671569735,0.3158368425316196,0.0,-0.21964903117789703
Vulnerable,RiskAdjustedUtility,20.0,0.1,0.9,0.1,88.9,70.5,58.43347642564355,25.903344024859457,75.99509684822802,92.88311450270496,68.52894205567341,63.85214994681471,71.18962388803435,40.169837211674995,0.4262041283857604,0.0,-0.47444171422451914
Vulnerable,UltraConservative,20.0,0.0,1.0,0.1,50.75,55.0,2.498332019566252,109.07087330669117,110.17513316909185,102.46469606751816,51.287477751769174,23.203201346552113,35.03871761322481,3.158122106482237,0.06281279800949129,0.0,-0.6147111730228066
